Lidar 2,Sun Jul 03 08:19:59 IST 2022,6316
Lidar 2,Sun Jul 03 08:19:59 IST 2022,6316
Lidar 2,Sun Jul 03 08:19:59 IST 2022,6316
Lidar 2,Sun Jul 03 08:19:59 IST 2022,6316
Lidar 2,Sun Jul 03 08:19:59 IST 2022,6316
Lidar 2,Sun Jul 03 08:19:59 IST 2022,6317
Lidar 2,Sun Jul 03 08:19:59 IST 2022,6317
Lidar 2,Sun Jul 03 08:19:59 IST 2022,6317
Lidar 2,Sun Jul 03 08:19:59 IST 2022,6316
Lidar 2,Sun Jul 03 08:19:59 IST 2022,6316
Lidar 2,Sun Jul 03 08:19:59 IST 2022,6316
Lidar 2,Sun Jul 03 08:19:59 IST 2022,6316
Lidar 2,Sun Jul 03 08:19:59 IST 2022,6316
Lidar 2,Sun Jul 03 08:19:59 IST 2022,6315
Lidar 2,Sun Jul 03 08:19:59 IST 2022,6315
Lidar 2,Sun Jul 03 08:19:59 IST 2022,6316
Lidar 2,Sun Jul 03 08:19:59 IST 2022,6315
Lidar 2,Sun Jul 03 08:19:59 IST 2022,6316
Lidar 2,Sun Jul 03 08:19:59 IST 2022,6316
Lidar 2,Sun Jul 03 08:20:00 IST 2022,6316
Lidar 2,Sun Jul 03 08:20:00 IST 2022,6316
Lidar 2,Sun Jul 03 08:20:00 IST 2022,6316
Lidar 2,Sun Jul 03 08:20:00 IST 2022,6316
Lidar 2,Sun Jul 03 08:20:00 IST 2022,6316
Lidar 2,Sun Jul 03 08:20:00 IST 2022,6316
Lidar 2,Sun Jul 03 08:20:00 IST 2022,6316
Lidar 2,Sun Jul 03 08:20:00 IST 2022,6316
Lidar 2,Sun Jul 03 08:20:00 IST 2022,6316
Lidar 2,Sun Jul 03 08:20:00 IST 2022,6316
Lidar 2,Sun Jul 03 08:20:00 IST 2022,6315
Lidar 2,Sun Jul 03 08:20:00 IST 2022,6315
Lidar 2,Sun Jul 03 08:20:00 IST 2022,6315
Lidar 2,Sun Jul 03 08:20:00 IST 2022,6315
Lidar 2,Sun Jul 03 08:20:00 IST 2022,6315
Lidar 2,Sun Jul 03 08:20:00 IST 2022,6316
Lidar 2,Sun Jul 03 08:20:00 IST 2022,6315
Lidar 2,Sun Jul 03 08:20:00 IST 2022,6315
Lidar 2,Sun Jul 03 08:20:00 IST 2022,6315
Lidar 2,Sun Jul 03 08:20:00 IST 2022,6315
Lidar 2,Sun Jul 03 08:20:00 IST 2022,6315
Lidar 2,Sun Jul 03 08:20:00 IST 2022,6315
Lidar 2,Sun Jul 03 08:20:00 IST 2022,6315
Lidar 2,Sun Jul 03 08:20:00 IST 2022,6315
Lidar 2,Sun Jul 03 08:20:00 IST 2022,6315
Lidar 2,Sun Jul 03 08:20:00 IST 2022,6315
Lidar 2,Sun Jul 03 08:20:00 IST 2022,6315
Lidar 2,Sun Jul 03 08:20:00 IST 2022,6315
Lidar 2,Sun Jul 03 08:20:00 IST 2022,6316
Lidar 2,Sun Jul 03 08:20:00 IST 2022,6316
Lidar 2,Sun Jul 03 08:20:00 IST 2022,6316
Lidar 2,Sun Jul 03 08:20:00 IST 2022,6316
Lidar 2,Sun Jul 03 08:20:00 IST 2022,6315
Lidar 2,Sun Jul 03 08:20:00 IST 2022,6315
Lidar 2,Sun Jul 03 08:20:00 IST 2022,6315
Lidar 2,Sun Jul 03 08:20:00 IST 2022,6315
Lidar 2,Sun Jul 03 08:20:00 IST 2022,6315
Lidar 2,Sun Jul 03 08:20:00 IST 2022,6316
Lidar 2,Sun Jul 03 08:20:01 IST 2022,6316
Lidar 2,Sun Jul 03 08:20:01 IST 2022,6316
Lidar 2,Sun Jul 03 08:20:01 IST 2022,6316
Lidar 2,Sun Jul 03 08:20:01 IST 2022,6316
Lidar 2,Sun Jul 03 08:20:01 IST 2022,6316
Lidar 2,Sun Jul 03 08:20:01 IST 2022,6316
Lidar 2,Sun Jul 03 08:20:01 IST 2022,6316
Lidar 2,Sun Jul 03 08:20:01 IST 2022,6316
Lidar 2,Sun Jul 03 08:20:01 IST 2022,6316
Lidar 2,Sun Jul 03 08:20:01 IST 2022,6316
Lidar 2,Sun Jul 03 08:20:01 IST 2022,6316
Lidar 2,Sun Jul 03 08:20:01 IST 2022,6316
Lidar 2,Sun Jul 03 08:20:01 IST 2022,6316
Lidar 2,Sun Jul 03 08:20:01 IST 2022,6316
Lidar 2,Sun Jul 03 08:20:01 IST 2022,6316
Lidar 2,Sun Jul 03 08:20:01 IST 2022,6316
Lidar 2,Sun Jul 03 08:20:01 IST 2022,6316
Lidar 2,Sun Jul 03 08:20:01 IST 2022,6316
Lidar 2,Sun Jul 03 08:20:01 IST 2022,6315
Lidar 2,Sun Jul 03 08:20:01 IST 2022,6315
Lidar 2,Sun Jul 03 08:20:02 IST 2022,6315
Lidar 2,Sun Jul 03 08:20:02 IST 2022,6315
Lidar 2,Sun Jul 03 08:20:02 IST 2022,6316
Lidar 2,Sun Jul 03 08:20:02 IST 2022,6316
Lidar 2,Sun Jul 03 08:20:02 IST 2022,6316
Lidar 2,Sun Jul 03 08:20:02 IST 2022,6316
Lidar 2,Sun Jul 03 08:20:02 IST 2022,6316
Lidar 2,Sun Jul 03 08:20:02 IST 2022,6316
Lidar 2,Sun Jul 03 08:20:02 IST 2022,6316
Lidar 2,Sun Jul 03 08:20:02 IST 2022,6316
Lidar 2,Sun Jul 03 08:20:02 IST 2022,6316
Lidar 2,Sun Jul 03 08:20:02 IST 2022,6317
Lidar 2,Sun Jul 03 08:20:02 IST 2022,6316
Lidar 2,Sun Jul 03 08:20:02 IST 2022,6316
Lidar 2,Sun Jul 03 08:20:02 IST 2022,6316
Lidar 2,Sun Jul 03 08:20:02 IST 2022,6316
Lidar 2,Sun Jul 03 08:20:02 IST 2022,6316
Lidar 2,Sun Jul 03 08:20:02 IST 2022,6316
Lidar 2,Sun Jul 03 08:20:02 IST 2022,6316
Lidar 2,Sun Jul 03 08:20:02 IST 2022,6316
Lidar 2,Sun Jul 03 08:20:02 IST 2022,6316
Lidar 2,Sun Jul 03 08:20:02 IST 2022,6316
Lidar 2,Sun Jul 03 08:20:02 IST 2022,6315
Lidar 2,Sun Jul 03 08:20:02 IST 2022,6315
Lidar 2,Sun Jul 03 08:20:02 IST 2022,6315
Lidar 2,Sun Jul 03 08:20:02 IST 2022,6315
Lidar 2,Sun Jul 03 08:20:02 IST 2022,6315
Lidar 2,Sun Jul 03 08:20:02 IST 2022,6315
Lidar 2,Sun Jul 03 08:20:02 IST 2022,6316
Lidar 2,Sun Jul 03 08:20:02 IST 2022,6316
Lidar 2,Sun Jul 03 08:20:02 IST 2022,6316
Lidar 2,Sun Jul 03 08:20:02 IST 2022,6316
Lidar 2,Sun Jul 03 08:20:02 IST 2022,6316
Lidar 2,Sun Jul 03 08:20:02 IST 2022,6316
Lidar 2,Sun Jul 03 08:20:02 IST 2022,6316
Lidar 2,Sun Jul 03 08:20:02 IST 2022,6316
Lidar 2,Sun Jul 03 08:20:02 IST 2022,6316
Lidar 2,Sun Jul 03 08:20:03 IST 2022,6316
Lidar 2,Sun Jul 03 08:20:03 IST 2022,6316
Lidar 2,Sun Jul 03 08:20:03 IST 2022,6316
Lidar 2,Sun Jul 03 08:20:03 IST 2022,6316
Lidar 2,Sun Jul 03 08:20:03 IST 2022,6316
Lidar 2,Sun Jul 03 08:20:03 IST 2022,6316
Lidar 2,Sun Jul 03 08:20:03 IST 2022,6316
Lidar 2,Sun Jul 03 08:20:03 IST 2022,6316
Lidar 2,Sun Jul 03 08:20:03 IST 2022,6316
Lidar 2,Sun Jul 03 08:20:03 IST 2022,6316
Lidar 2,Sun Jul 03 08:20:03 IST 2022,6316
Lidar 2,Sun Jul 03 08:20:03 IST 2022,6316
Lidar 2,Sun Jul 03 08:20:03 IST 2022,6316
Lidar 2,Sun Jul 03 08:20:03 IST 2022,6315
Lidar 2,Sun Jul 03 08:20:03 IST 2022,6316
Lidar 2,Sun Jul 03 08:20:03 IST 2022,6316
Lidar 2,Sun Jul 03 08:20:03 IST 2022,6315
Lidar 2,Sun Jul 03 08:20:03 IST 2022,6315
Lidar 2,Sun Jul 03 08:20:03 IST 2022,6315
Lidar 2,Sun Jul 03 08:20:03 IST 2022,6315
Lidar 2,Sun Jul 03 08:20:03 IST 2022,6315
Lidar 2,Sun Jul 03 08:20:03 IST 2022,6315
Lidar 2,Sun Jul 03 08:20:03 IST 2022,6315
Lidar 2,Sun Jul 03 08:20:03 IST 2022,6315
Lidar 2,Sun Jul 03 08:20:03 IST 2022,6316
Lidar 2,Sun Jul 03 08:20:03 IST 2022,6316
Lidar 2,Sun Jul 03 08:20:03 IST 2022,6316
Lidar 2,Sun Jul 03 08:20:03 IST 2022,6316
Lidar 2,Sun Jul 03 08:20:03 IST 2022,6316
Lidar 2,Sun Jul 03 08:20:03 IST 2022,6316
Lidar 2,Sun Jul 03 08:20:03 IST 2022,6316
Lidar 2,Sun Jul 03 08:20:03 IST 2022,6316
Lidar 2,Sun Jul 03 08:20:03 IST 2022,6316
Lidar 2,Sun Jul 03 08:20:03 IST 2022,6315
Lidar 2,Sun Jul 03 08:20:03 IST 2022,6315
Lidar 2,Sun Jul 03 08:20:03 IST 2022,6315
Lidar 2,Sun Jul 03 08:20:03 IST 2022,6315
Lidar 2,Sun Jul 03 08:20:03 IST 2022,6315
Lidar 2,Sun Jul 03 08:20:04 IST 2022,6315
Lidar 2,Sun Jul 03 08:20:04 IST 2022,6315
Lidar 2,Sun Jul 03 08:20:04 IST 2022,6315
Lidar 2,Sun Jul 03 08:20:04 IST 2022,6315
Lidar 2,Sun Jul 03 08:20:04 IST 2022,6315
Lidar 2,Sun Jul 03 08:20:04 IST 2022,6315
Lidar 2,Sun Jul 03 08:20:04 IST 2022,6315
Lidar 2,Sun Jul 03 08:20:04 IST 2022,6315
Lidar 2,Sun Jul 03 08:20:04 IST 2022,6315
Lidar 2,Sun Jul 03 08:20:04 IST 2022,6315
Lidar 2,Sun Jul 03 08:20:04 IST 2022,6315
Lidar 2,Sun Jul 03 08:20:04 IST 2022,6315
Lidar 2,Sun Jul 03 08:20:04 IST 2022,6315
Lidar 2,Sun Jul 03 08:20:04 IST 2022,6315
Lidar 2,Sun Jul 03 08:20:04 IST 2022,6315
Lidar 2,Sun Jul 03 08:20:04 IST 2022,6315
Lidar 2,Sun Jul 03 08:20:04 IST 2022,6315
Lidar 2,Sun Jul 03 08:20:04 IST 2022,6316
Lidar 2,Sun Jul 03 08:20:04 IST 2022,6315
Lidar 2,Sun Jul 03 08:20:05 IST 2022,6316
Lidar 2,Sun Jul 03 08:20:05 IST 2022,6316
Lidar 2,Sun Jul 03 08:20:05 IST 2022,6316
Lidar 2,Sun Jul 03 08:20:05 IST 2022,6316
Lidar 2,Sun Jul 03 08:20:05 IST 2022,6316
Lidar 2,Sun Jul 03 08:20:05 IST 2022,6316
Lidar 2,Sun Jul 03 08:20:05 IST 2022,6316
Lidar 2,Sun Jul 03 08:20:05 IST 2022,6316
Lidar 2,Sun Jul 03 08:20:05 IST 2022,6316
Lidar 2,Sun Jul 03 08:20:05 IST 2022,6315
Lidar 2,Sun Jul 03 08:20:05 IST 2022,6315
Lidar 2,Sun Jul 03 08:20:05 IST 2022,6315
Lidar 2,Sun Jul 03 08:20:05 IST 2022,6315
Lidar 2,Sun Jul 03 08:20:05 IST 2022,6315
Lidar 2,Sun Jul 03 08:20:05 IST 2022,6315
Lidar 2,Sun Jul 03 08:20:05 IST 2022,6315
Lidar 2,Sun Jul 03 08:20:05 IST 2022,6315
Lidar 2,Sun Jul 03 08:20:05 IST 2022,6315
Lidar 2,Sun Jul 03 08:20:05 IST 2022,6316
Lidar 2,Sun Jul 03 08:20:05 IST 2022,6316
Lidar 2,Sun Jul 03 08:20:05 IST 2022,6316
Lidar 2,Sun Jul 03 08:20:05 IST 2022,6316
Lidar 2,Sun Jul 03 08:20:05 IST 2022,6316
Lidar 2,Sun Jul 03 08:20:05 IST 2022,6316
Lidar 2,Sun Jul 03 08:20:05 IST 2022,6316
Lidar 2,Sun Jul 03 08:20:05 IST 2022,6316
Lidar 2,Sun Jul 03 08:20:05 IST 2022,6316
Lidar 2,Sun Jul 03 08:20:05 IST 2022,6316
Lidar 2,Sun Jul 03 08:20:05 IST 2022,6316
Lidar 2,Sun Jul 03 08:20:05 IST 2022,6316
Lidar 2,Sun Jul 03 08:20:05 IST 2022,6316
Lidar 2,Sun Jul 03 08:20:05 IST 2022,6315
Lidar 2,Sun Jul 03 08:20:05 IST 2022,6315
Lidar 2,Sun Jul 03 08:20:05 IST 2022,6315
Lidar 2,Sun Jul 03 08:20:05 IST 2022,6316
Lidar 2,Sun Jul 03 08:20:05 IST 2022,6316
Lidar 2,Sun Jul 03 08:20:05 IST 2022,6315
Lidar 2,Sun Jul 03 08:20:05 IST 2022,6316
Lidar 2,Sun Jul 03 08:20:06 IST 2022,6315
Lidar 2,Sun Jul 03 08:20:06 IST 2022,6315
Lidar 2,Sun Jul 03 08:20:06 IST 2022,6316
Lidar 2,Sun Jul 03 08:20:06 IST 2022,6316
Lidar 2,Sun Jul 03 08:20:06 IST 2022,6316
Lidar 2,Sun Jul 03 08:20:06 IST 2022,6316
Lidar 2,Sun Jul 03 08:20:06 IST 2022,6316
Lidar 2,Sun Jul 03 08:20:06 IST 2022,6316
Lidar 2,Sun Jul 03 08:20:06 IST 2022,6316
Lidar 2,Sun Jul 03 08:20:06 IST 2022,6316
Lidar 2,Sun Jul 03 08:20:06 IST 2022,6316
Lidar 2,Sun Jul 03 08:20:06 IST 2022,6316
Lidar 2,Sun Jul 03 08:20:06 IST 2022,6315
Lidar 2,Sun Jul 03 08:20:06 IST 2022,6316
Lidar 2,Sun Jul 03 08:20:06 IST 2022,6316
Lidar 2,Sun Jul 03 08:20:06 IST 2022,6316
Lidar 2,Sun Jul 03 08:20:06 IST 2022,6316
Lidar 2,Sun Jul 03 08:20:06 IST 2022,6316
Lidar 2,Sun Jul 03 08:20:06 IST 2022,6316
Lidar 2,Sun Jul 03 08:20:07 IST 2022,6316
Lidar 2,Sun Jul 03 08:20:07 IST 2022,6315
Lidar 2,Sun Jul 03 08:20:07 IST 2022,6315
Lidar 2,Sun Jul 03 08:20:07 IST 2022,6316
Lidar 2,Sun Jul 03 08:20:07 IST 2022,6316
Lidar 2,Sun Jul 03 08:20:07 IST 2022,6316
Lidar 2,Sun Jul 03 08:20:07 IST 2022,6315
Lidar 2,Sun Jul 03 08:20:07 IST 2022,6315
Lidar 2,Sun Jul 03 08:20:07 IST 2022,6315
Lidar 2,Sun Jul 03 08:20:07 IST 2022,6315
Lidar 2,Sun Jul 03 08:20:07 IST 2022,6315
Lidar 2,Sun Jul 03 08:20:07 IST 2022,6315
Lidar 2,Sun Jul 03 08:20:07 IST 2022,6315
Lidar 2,Sun Jul 03 08:20:07 IST 2022,6315
Lidar 2,Sun Jul 03 08:20:07 IST 2022,6315
Lidar 2,Sun Jul 03 08:20:07 IST 2022,6315
Lidar 2,Sun Jul 03 08:20:07 IST 2022,6315
Lidar 2,Sun Jul 03 08:20:07 IST 2022,6315
Lidar 2,Sun Jul 03 08:20:07 IST 2022,6315
Lidar 2,Sun Jul 03 08:20:07 IST 2022,6315
Lidar 2,Sun Jul 03 08:20:07 IST 2022,6315
Lidar 2,Sun Jul 03 08:20:07 IST 2022,6315
Lidar 2,Sun Jul 03 08:20:07 IST 2022,6315
Lidar 2,Sun Jul 03 08:20:07 IST 2022,6315
Lidar 2,Sun Jul 03 08:20:07 IST 2022,6315
Lidar 2,Sun Jul 03 08:20:07 IST 2022,6315
Lidar 2,Sun Jul 03 08:20:07 IST 2022,6315
Lidar 2,Sun Jul 03 08:20:07 IST 2022,6315
Lidar 2,Sun Jul 03 08:20:07 IST 2022,6315
Lidar 2,Sun Jul 03 08:20:07 IST 2022,6315
Lidar 2,Sun Jul 03 08:20:07 IST 2022,6315
Lidar 2,Sun Jul 03 08:20:07 IST 2022,6316
Lidar 2,Sun Jul 03 08:20:07 IST 2022,6315
Lidar 2,Sun Jul 03 08:20:07 IST 2022,6316
Lidar 2,Sun Jul 03 08:20:07 IST 2022,6316
Lidar 2,Sun Jul 03 08:20:07 IST 2022,6316
Lidar 2,Sun Jul 03 08:20:07 IST 2022,6315
Lidar 2,Sun Jul 03 08:20:07 IST 2022,6316
Lidar 2,Sun Jul 03 08:20:08 IST 2022,6316
Lidar 2,Sun Jul 03 08:20:08 IST 2022,6316
Lidar 2,Sun Jul 03 08:20:08 IST 2022,6316
Lidar 2,Sun Jul 03 08:20:08 IST 2022,6316
Lidar 2,Sun Jul 03 08:20:08 IST 2022,6316
Lidar 2,Sun Jul 03 08:20:08 IST 2022,6316
Lidar 2,Sun Jul 03 08:20:08 IST 2022,6316
Lidar 2,Sun Jul 03 08:20:08 IST 2022,6316
Lidar 2,Sun Jul 03 08:20:08 IST 2022,6316
Lidar 2,Sun Jul 03 08:20:08 IST 2022,6316
Lidar 2,Sun Jul 03 08:20:08 IST 2022,6316
Lidar 2,Sun Jul 03 08:20:08 IST 2022,6316
Lidar 2,Sun Jul 03 08:20:08 IST 2022,6316
Lidar 2,Sun Jul 03 08:20:08 IST 2022,6316
Lidar 2,Sun Jul 03 08:20:08 IST 2022,6316
Lidar 2,Sun Jul 03 08:20:08 IST 2022,6315
Lidar 2,Sun Jul 03 08:20:08 IST 2022,6315
Lidar 2,Sun Jul 03 08:20:08 IST 2022,6315
Lidar 2,Sun Jul 03 08:20:08 IST 2022,6316
Lidar 2,Sun Jul 03 08:20:08 IST 2022,6316
Lidar 2,Sun Jul 03 08:20:09 IST 2022,6316
Lidar 2,Sun Jul 03 08:20:09 IST 2022,6316
Lidar 2,Sun Jul 03 08:20:09 IST 2022,6316
Lidar 2,Sun Jul 03 08:20:09 IST 2022,6316
Lidar 2,Sun Jul 03 08:20:09 IST 2022,6316
Lidar 2,Sun Jul 03 08:20:09 IST 2022,6316
Lidar 2,Sun Jul 03 08:20:09 IST 2022,6316
Lidar 2,Sun Jul 03 08:20:09 IST 2022,6316
Lidar 2,Sun Jul 03 08:20:09 IST 2022,6316
Lidar 2,Sun Jul 03 08:20:09 IST 2022,6316
Lidar 2,Sun Jul 03 08:20:09 IST 2022,6316
Lidar 2,Sun Jul 03 08:20:09 IST 2022,6316
Lidar 2,Sun Jul 03 08:20:09 IST 2022,6315
Lidar 2,Sun Jul 03 08:20:09 IST 2022,6315
Lidar 2,Sun Jul 03 08:20:09 IST 2022,6315
Lidar 2,Sun Jul 03 08:20:09 IST 2022,6315
Lidar 2,Sun Jul 03 08:20:09 IST 2022,6315
Lidar 2,Sun Jul 03 08:20:09 IST 2022,6315
Lidar 2,Sun Jul 03 08:20:09 IST 2022,6316
Lidar 2,Sun Jul 03 08:20:09 IST 2022,6316
Lidar 2,Sun Jul 03 08:20:09 IST 2022,6316
Lidar 2,Sun Jul 03 08:20:09 IST 2022,6316
Lidar 2,Sun Jul 03 08:20:09 IST 2022,6316
Lidar 2,Sun Jul 03 08:20:09 IST 2022,6316
Lidar 2,Sun Jul 03 08:20:09 IST 2022,6316
Lidar 2,Sun Jul 03 08:20:09 IST 2022,6316
Lidar 2,Sun Jul 03 08:20:09 IST 2022,6316
Lidar 2,Sun Jul 03 08:20:09 IST 2022,6316
Lidar 2,Sun Jul 03 08:20:09 IST 2022,6316
Lidar 2,Sun Jul 03 08:20:09 IST 2022,6316
Lidar 2,Sun Jul 03 08:20:09 IST 2022,6316
Lidar 2,Sun Jul 03 08:20:09 IST 2022,6316
Lidar 2,Sun Jul 03 08:20:09 IST 2022,6316
Lidar 2,Sun Jul 03 08:20:09 IST 2022,6316
Lidar 2,Sun Jul 03 08:20:09 IST 2022,6316
Lidar 2,Sun Jul 03 08:20:09 IST 2022,6316
Lidar 2,Sun Jul 03 08:20:09 IST 2022,6316
Lidar 2,Sun Jul 03 08:20:10 IST 2022,6316
Lidar 2,Sun Jul 03 08:20:10 IST 2022,6316
Lidar 2,Sun Jul 03 08:20:10 IST 2022,6316
Lidar 2,Sun Jul 03 08:20:10 IST 2022,6316
Lidar 2,Sun Jul 03 08:20:10 IST 2022,6316
Lidar 2,Sun Jul 03 08:20:10 IST 2022,6316
Lidar 2,Sun Jul 03 08:20:10 IST 2022,6316
Lidar 2,Sun Jul 03 08:20:10 IST 2022,6316
Lidar 2,Sun Jul 03 08:20:10 IST 2022,6316
Lidar 2,Sun Jul 03 08:20:10 IST 2022,6316
Lidar 2,Sun Jul 03 08:20:10 IST 2022,6316
Lidar 2,Sun Jul 03 08:20:10 IST 2022,6316
Lidar 2,Sun Jul 03 08:20:10 IST 2022,6316
Lidar 2,Sun Jul 03 08:20:10 IST 2022,6316
Lidar 2,Sun Jul 03 08:20:10 IST 2022,6316
Lidar 2,Sun Jul 03 08:20:10 IST 2022,6316
Lidar 2,Sun Jul 03 08:20:10 IST 2022,6316
Lidar 2,Sun Jul 03 08:20:10 IST 2022,6316
Lidar 2,Sun Jul 03 08:20:10 IST 2022,6316
Lidar 2,Sun Jul 03 08:20:10 IST 2022,6316
Lidar 2,Sun Jul 03 08:20:10 IST 2022,6316
Lidar 2,Sun Jul 03 08:20:10 IST 2022,6316
Lidar 2,Sun Jul 03 08:20:10 IST 2022,6316
Lidar 2,Sun Jul 03 08:20:10 IST 2022,6316
Lidar 2,Sun Jul 03 08:20:10 IST 2022,6316
Lidar 2,Sun Jul 03 08:20:10 IST 2022,6316
Lidar 2,Sun Jul 03 08:20:10 IST 2022,6315
Lidar 2,Sun Jul 03 08:20:10 IST 2022,6315
Lidar 2,Sun Jul 03 08:20:10 IST 2022,6316
Lidar 2,Sun Jul 03 08:20:10 IST 2022,6316
Lidar 2,Sun Jul 03 08:20:10 IST 2022,6316
Lidar 2,Sun Jul 03 08:20:10 IST 2022,6316
Lidar 2,Sun Jul 03 08:20:10 IST 2022,6316
Lidar 2,Sun Jul 03 08:20:10 IST 2022,6316
Lidar 2,Sun Jul 03 08:20:10 IST 2022,6316
Lidar 2,Sun Jul 03 08:20:10 IST 2022,6316
Lidar 2,Sun Jul 03 08:20:10 IST 2022,6316
Lidar 2,Sun Jul 03 08:20:10 IST 2022,6316
Lidar 2,Sun Jul 03 08:20:11 IST 2022,6316
Lidar 2,Sun Jul 03 08:20:11 IST 2022,6316
Lidar 2,Sun Jul 03 08:20:11 IST 2022,6315
Lidar 2,Sun Jul 03 08:20:11 IST 2022,6316
Lidar 2,Sun Jul 03 08:20:11 IST 2022,6316
Lidar 2,Sun Jul 03 08:20:11 IST 2022,6316
Lidar 2,Sun Jul 03 08:20:11 IST 2022,6316
Lidar 2,Sun Jul 03 08:20:11 IST 2022,6315
Lidar 2,Sun Jul 03 08:20:11 IST 2022,6315
Lidar 2,Sun Jul 03 08:20:11 IST 2022,6316
Lidar 2,Sun Jul 03 08:20:11 IST 2022,6316
Lidar 2,Sun Jul 03 08:20:11 IST 2022,6316
Lidar 2,Sun Jul 03 08:20:11 IST 2022,6316
Lidar 2,Sun Jul 03 08:20:11 IST 2022,6316
Lidar 2,Sun Jul 03 08:20:11 IST 2022,6316
Lidar 2,Sun Jul 03 08:20:11 IST 2022,6316
Lidar 2,Sun Jul 03 08:20:11 IST 2022,6316
Lidar 2,Sun Jul 03 08:20:11 IST 2022,6316
Lidar 2,Sun Jul 03 08:20:11 IST 2022,6316
Lidar 2,Sun Jul 03 08:20:12 IST 2022,6316
Lidar 2,Sun Jul 03 08:20:12 IST 2022,6316
Lidar 2,Sun Jul 03 08:20:12 IST 2022,6316
Lidar 2,Sun Jul 03 08:20:12 IST 2022,6316
Lidar 2,Sun Jul 03 08:20:12 IST 2022,6316
Lidar 2,Sun Jul 03 08:20:12 IST 2022,6316
Lidar 2,Sun Jul 03 08:20:12 IST 2022,6316
Lidar 2,Sun Jul 03 08:20:12 IST 2022,6316
Lidar 2,Sun Jul 03 08:20:12 IST 2022,6316
Lidar 2,Sun Jul 03 08:20:12 IST 2022,6316
Lida